acadianps,1760113310
archesnps,716395539
badlandsnps,1396437996
bigbendnps,1647920220
biscaynenps,1974033687
blackcanyonnps,2301465471
brycecanyonnps,1676679171
canyonlandsnps,2930922474
capitolreefnps,4813894759
carlsbadcavernsnps,6267424760
channelislandsnps,3228076453
congareenps,264028197
craterlakenps,1991254373
cuyahogavalleynps,1989853670
deathvalleynps,2242696112
denalinps,2129963644
drytortugasnps,1636957301
evergladesnps,1130671543
gatewayarchnps,509351161
glaciernps,394363369
glacierbaynps,3440243649
grandcanyonnps,354926024
grandtetonnps,1586622205
greatbasinnps,511065143
greatsanddunesnps,3021402145
guadalupemountainsnps,1271874892
haleakalanps,3501917180
hawaiivolcanoesnps,1692328803
hotspringsnps,3045142398
indianadunesnps,2111944124
isleroyalenps,2304944165
joshuatreenps,1626724300
katmainps,2211589873
kenaifjordsnps,2029803905
kobukvalleynps,5719167751
lakeclarknps,1676030157
lassennps,2882029013
mesaverdenps,5622637824
mountrainiernps,2283825324
northcascadesnps,2259211667
petrifiedforestnps,1990334915
pinnaclesnps,2011066695
redwoodnps,1391125239
shenandoahnps,2033357393
theodorerooseveltnps,2246895965
virginislandsnps,3277023238
voyageursnps,2028226261
windcavenps,4160478881
wrangellstenps,2224972819
yellowstonenps,1565107527
yosemitenps,789230703
zionnps,366372542
nationalparkservice,1684126013
nationalparksguide,9903633791
usinterior,174435186
nationalparklife,1465851905